{
    "bs": [
        [
            1,
            1.770639527
        ]
    ],
    "iH": [
        [
            3,
            0.013956077
        ],
        [
            32,
            0.420472979
        ],
        [
            64,
            0.897754879
        ],
        [
            128,
            1.768705027
        ]
    ],
    "in_channels": [
        [
            1,
            0.08868948
        ],
        [
            3,
            0.127878187
        ],
        [
            10,
            0.305380936
        ],
        [
            64,
            1.952996135
        ]
    ],
    "kH": [
        [
            1,
            0.662407551
        ],
        [
            3,
            1.869934821
        ],
        [
            7,
            4.202537191
        ]
    ],
    "out_channels": [
        [
            1,
            0.030732839
        ],
        [
            3,
            0.086514271
        ],
        [
            10,
            0.287429655
        ],
        [
            64,
            1.953176429
        ]
    ]
}
