{
    "bs": [
        [
            1,
            1.778844186
        ],
        [
            4,
            2.060847144
        ],
        [
            10,
            5.708368836
        ],
        [
            30,
            15.675257871
        ]
    ],
    "iH": [
        [
            3,
            0.019556409
        ],
        [
            32,
            0.406354759
        ],
        [
            64,
            0.869552871
        ],
        [
            128,
            1.776630259
        ]
    ],
    "in_channels": [
        [
            1,
            0.074488898
        ],
        [
            3,
            0.176663617
        ],
        [
            10,
            0.343621572
        ],
        [
            64,
            1.799636802
        ]
    ],
    "kH": [
        [
            1,
            0.761349717
        ],
        [
            3,
            1.806818283
        ],
        [
            7,
            3.901339443
        ]
    ],
    "out_channels": [
        [
            1,
            0.038833444
        ],
        [
            3,
            0.100077824
        ],
        [
            10,
            0.322020946
        ],
        [
            64,
            1.827644363
        ]
    ]
}
