{
    "bs": [
        [
            1,
            1.796112283
        ],
        [
            4,
            2.066594232
        ],
        [
            10,
            5.714092452
        ],
        [
            30,
            15.635613818
        ]
    ],
    "iH": [
        [
            3,
            0.023662982
        ],
        [
            32,
            0.408833286
        ],
        [
            64,
            0.841633054
        ],
        [
            128,
            1.789221744
        ]
    ],
    "in_channels": [
        [
            1,
            0.059865417
        ],
        [
            3,
            0.117570962
        ],
        [
            10,
            0.334365498
        ],
        [
            64,
            1.789712151
        ]
    ],
    "kH": [
        [
            1,
            0.74481141
        ],
        [
            3,
            1.796408513
        ],
        [
            7,
            3.877904749
        ]
    ],
    "out_channels": [
        [
            1,
            0.042239782
        ],
        [
            3,
            0.095000933
        ],
        [
            10,
            0.277400416
        ],
        [
            64,
            1.805670489
        ]
    ]
}
