{
    "bs": [
        [
            1,
            1.604054554
        ]
    ],
    "iH": [
        [
            3,
            0.00012652
        ],
        [
            32,
            0.089576052
        ],
        [
            64,
            0.383979123
        ],
        [
            128,
            1.562162256
        ]
    ],
    "in_channels": [
        [
            1,
            0.026030754
        ],
        [
            3,
            0.082211927
        ],
        [
            10,
            0.23977108
        ],
        [
            64,
            1.594118038
        ]
    ],
    "kH": [
        [
            1,
            0.59379651
        ],
        [
            3,
            1.588151183
        ],
        [
            7,
            3.727044143
        ]
    ],
    "out_channels": [
        [
            1,
            0.028429725
        ],
        [
            3,
            0.076524052
        ],
        [
            10,
            0.263295496
        ],
        [
            64,
            1.851291542
        ]
    ]
}
